"Country","Year","Continent","Least.Developed","Life.Expectancy","Population","CO2.emissions","Health.expenditure","Electric.power.consumption","Forest.area","GDP.per.capita","Individuals.using.the.Internet","Military.expenditure","People.practicing.open.defecation","People.using.at.least.basic.drinking.water.services","Obesity.among.adults","Beer.consumption.per.capita","ZPopulation","ZCO2.emissions","ZHealth.expenditure","ZElectric.power.consumption","ZForest.area","ZGDP.per.capita","ZIndividuals.using.the.Internet","ZMilitary.expenditure","ZPeople.practicing.open.defecation","ZPeople.using.at.least.basic.drinking.water.services","ZObesity.among.adults","ZBeer.consumption.per.capita","cluster0","cluster1","cluster2","cluster3","cluster4"
"Albania",2015,"Europe",FALSE,78.025,2880703,1.60377515,4.89631176,2309.366503,28.8024635,11658.90552,56.9,1.162303864,0.109372147,93.39432534,21.7,1.48,-0.296019375568582,-0.63255917372371,-0.666032024685897,-0.373289567605365,-0.0695493300621337,-0.515119638745273,0.202704555206405,-0.334986073469686,-0.494693084368988,0.251363841842566,0.239825662254808,-0.4268168848313,"1","1","1","1","1"
"Algeria",2015,"Africa",FALSE,76.09,39728020,3.933495912,6.9784894,1362.871884,0.821247986,12015.64053,38.2,6.270242856,1.155577807,93.40956153,25.7,0.31,-0.0882623594801429,-0.205210155159979,0.159412127874107,-0.590270011719356,-1.43009270971412,-0.496911999075116,-0.478548434063307,1.09824364213976,-0.418316384784421,0.25238675018802,0.691396133905475,-1.07457920088822,"1","1","1","1","1"
"Angola",2015,"Africa",TRUE,59.398,27884380,1.13504405,2.60579491,312.2288945,55.65307612,7337.569901,22,3.105426293,22.53427135,54.31692835,6.5,3.25,-0.155040608382924,-0.718540197210548,-1.5740687377171,-0.831126090444681,1.23602023039756,-0.735679212767921,-1.06872482048948,0.210232029305572,1.14240357370275,-2.37216576100819,-1.47614213001773,0.553131234331734,"1","2","2","1","2"
"Argentina",2015,"South America",FALSE,76.068,43131966,4.301913876,10.22933865,3074.702071,10.63218706,20105.19899,68.04306411,0.850128583,1.549,98.96658815,28,3.39,-0.0690698178932975,-0.137629929278536,1.44815639863987,-0.197839176121552,-0.953050952946222,-0.0840235485405102,0.608653524969054,-0.422578914713223,-0.389595178435124,0.625467481361862,0.951049155104609,0.630641255056493,"1","3","1","1","3"
"Armenia",2015,"Asia",FALSE,74.467,2925559,1.825292244,10.11763382,1961.610395,11.57428872,9969.664854,59.10083377,4.239225786,0.011358461,99.5525667,20.2,0.49,-0.295766463023724,-0.591925500255168,1.40387290574048,-0.453011388778437,-0.907242715064961,-0.601337936642929,0.282882340484385,0.528363300539541,-0.501848428807479,0.664808179335014,0.0704867353858079,-0.974923459956387,"1","1","1","1","3"
"Australia",2015,"Oceania",FALSE,82.4,23815995,15.863288,9.32758904,10071.39898,17.3248246,46248.61646,84.56051491,1.951027863,0,99.97000567,29.8,3.76,-0.177979470604533,1.98311431000017,1.09067299840137,1.40612810712595,-0.627631791191027,1.25032803371725,1.21039484756881,-0.113679069891223,-0.50267763648309,0.692833676925316,1.15425586734741,0.835489166971929,"1","3","1","1","4"
"Austria",2015,"Europe",FALSE,81.1902439,8642699,7.317158873,10.36746693,8355.841952,47.03332525,49865.90394,83.94014193,0.698138152,0,100,21.5,6.1,-0.263531390197123,0.415467253531885,1.5029150219383,1.01284290680267,0.816898159929958,1.43495321816216,1.18779426216308,-0.465225704844949,-0.50267763648309,0.694847398890799,0.217247138672275,2.13101379908577,"1","3","1","1","4"
"Bahrain",2015,"Asia",FALSE,76.762,1371853,22.29101801,4.9869976,19596.9831,0.771208226,45575.78357,93.4783008,4.632877365,0,100,28.1,0.39,-0.304526756817671,3.16217583366879,-0.630081155312431,3.58983357286486,-1.43252581574389,1.21598686036465,1.53527550506773,0.638817466398415,-0.50267763648309,0.694847398890799,0.962338416895876,-1.03028776047407,"2","4","3","1","5"
"Bangladesh",2015,"Asia",TRUE,71.514,156256287,0.461997426,2.63947296,320.2099233,14.46877161,3555.50526,12.9,1.350969947,2.695839017,97.10160247,3.1,0,0.568761462413779,-0.841999548608144,-1.56071764369511,-0.829296468660523,-0.766502955867042,-0.928714570280402,-1.40024365483998,-0.282048511586755,-0.305871889198408,0.500258395873777,-1.85997703092079,-1.24620853249305,"1","2","2","1","2"
"Belarus",2015,"Europe",FALSE,73.62439024,9461076,5.79426692,6.06533337,3690.103683,42.53416626,18095.66518,62.23036091,1.257482359,0,96.47706709,26.1,2,-0.258917117642206,0.136117731431025,-0.202593154892452,-0.0567605979661848,0.598133504235015,-0.186589505039921,0.396893020651534,-0.308280067870435,-0.50267763648309,0.458329117475911,0.736553181070542,-0.138922522139335,"1","1","1","1","1"
"Belgium",2015,"Europe",FALSE,80.99268293,11274196,8.437851999,10.43065357,7709.123078,22.76420079,46200.90445,85.05294175,0.909284202,0,99.9999977,24.1,4.6,-0.248694164339791,0.621040005133272,1.52796429799714,0.86458496039651,-0.363150526571254,1.24789282813981,1.22833427306328,-0.405980519327362,-0.50267763648309,0.694847244476264,0.510767945245209,1.30054929132049,"1","3","1","1","4"
"Benin",2015,"Africa",TRUE,60.608,10575962,0.520992816,2.90741682,100.2251518,30.02084072,2886.829137,11.25498791,0.798484705,55.42433382,64.7868223,7.9,1.03,-0.252631032046374,-0.831177813047595,-1.45449582659243,-0.879727176305555,-0.0103076198597874,-0.962843583588126,-1.46017249995748,-0.437069600818682,3.54349402525779,-1.66925106268368,-1.31809246493999,-0.675956237160885,"1","5","2","1","6"
"Bolivia",2015,"South America",FALSE,70.277,10869732,1.909890716,6.55064964,742.5383997,48.0266039,7133.873145,37.49,1.743839017,15.27655332,90.46214101,18.2,2.36,-0.250974662367781,-0.576407299717626,-0.0101977177703192,-0.732479203636794,0.865194799892972,-0.746075829391638,-0.504414189270874,-0.171813908873268,0.612564584257013,0.0545065027332422,-0.155298500439526,0.0603889597243324,"1","6","1","1","1"
"Botswana",2015,"Africa",FALSE,67.338,2120716,3.277194971,5.72629929,1815.553722,27.96075733,14639.55843,37.31205037,2.660266574,12.08874163,88.44628953,15.8,3.33,-0.30030442653677,-0.325597785984039,-0.336997488835142,-0.486494349100848,-0.11047599233071,-0.362988077093716,-0.51089700838194,0.0853252638836658,0.379843098331099,-0.0808312229111725,-0.426240783429926,0.597422674745882,"1","1","1","1","1"
"Brazil",2015,"South America",FALSE,74.994,204471759,2.373628508,8.90929508,2619.960499,60.28671451,14744.11363,58.32795173,1.365517154,1.954703743,97.80356759,21.7,4.1,0.84061579015264,-0.491342216590676,0.924847423916208,-0.302087025257664,1.46132373917693,-0.357651613461393,0.25472575224359,-0.277966730386122,-0.359977375660624,0.547386055706389,0.239825662254808,1.02372778873206,"1","6","1","1","7"
"Brunei Darussalam",2015,"Asia",FALSE,75.318,414914,15.42488346,2.38708901,10290.93802,72.10626186,62540.62522,71.2,3.279290461,2.6,99.50997616,14.1,0.66,-0.309922286462846,1.90269619596747,-1.66077099732131,1.45645663244803,2.03603097051503,2.0818668978313,0.723662723471479,0.25901634181353,-0.312868475137246,0.661948788712859,-0.618158233881459,-0.880804149076321,"1","6","3","1","5"
"Bulgaria",2015,"Europe",FALSE,74.61463415,7177991,6.207865317,7.41093588,4708.927458,35.30766396,18391.92747,56.65625161,1.248848117,0,99.19632731,26.9,4.22,-0.271789884662835,0.211985565860138,0.33084822984433,0.176801041725918,0.246755993226405,-0.171468373463361,0.193824645082491,-0.310702738193151,-0.50267763648309,0.640891422914271,0.826867275400675,1.09016494935328,"1","6","1","1","7"
"Cambodia",2015,"Asia",TRUE,68.637,15521435,0.543119905,6.19431591,271.3672049,50.11794697,3388.737638,18,1.801622621,35.66522949,68.44384896,3.3,2.93,-0.224746865781949,-0.827118961908841,-0.151460205724226,-0.840493483960371,0.966883126014685,-0.937226335834405,-1.21444738503915,-0.155600485326606,2.10100978609536,-1.42373016211347,-1.83739850733826,0.37596547267514,"1","2","2","1","2"
"Cameroon",2015,"Africa",FALSE,57.583,23298376,0.363115439,3.74879193,275.1979743,43.62184003,3395.628961,18.3,1.144433296,6.124247237,63.97399012,9.2,2.82,-0.180897972890892,-0.860137825429699,-1.12094687701336,-0.839615294027724,0.651019961088693,-0.936874604934668,-1.20351819269792,-0.340000352052992,-0.0555860088178701,-1.72382197709042,-1.17133206165353,0.315064742105686,"1","2","2","1","2"
"Canada",2015,"North America",FALSE,81.9,35702908,15.64858561,10.73320484,15588.48715,38.71643807,44670.08054,90,1.152709374,0,99.22922139,30.7,3.7,-0.110957234619675,1.94373068207945,1.64790563819476,2.67090047594027,0.412502368531979,1.1697600702932,1.40855877685493,-0.337678178484185,-0.50267763648309,0.643099824683218,1.25585922346881,0.802270586661318,"1","3","1","1","4"
"Chile",2015,"South America",FALSE,79.646,17969356,4.576124117,8.30269146,3879.67342,23.66553154,22566.17765,76.62959195,1.898487266,0.183789356,99.50649272,28.3,2.85,-0.210944700414516,-0.0873305632416916,0.684369665711711,-0.0133024262036337,-0.319324711206811,0.0415840072674406,0.921466239324541,-0.128421365172001,-0.489260365895916,0.661714921857242,0.984916940478409,0.331674032260992,"1","3","1","1","3"
"China",2015,"Asia",FALSE,75.928,1379860000,7.146449357,4.93827963,3905.317598,22.31309418,12897.50229,50.3,1.750717767,0.672948193,91.76264123,6.2,1.73,7.46783246635185,0.384153395960619,-0.649394571559228,-0.00742359179752044,-0.385084888623741,-0.451902059722738,-0.0377376763005527,-0.169883809684204,-0.453550047197501,0.141817866552,-1.51000991539153,-0.288406133537086,"3","7","4","2","8"
"Colombia",2015,"South America",FALSE,76.531,47520667,1.688318124,7.52338552,1312.199493,54.19978369,13265.79726,55.90497251,3.109960084,3.853317323,96.33586812,21.6,3.2,-0.0443249111131282,-0.617051153382961,0.375426990086648,-0.60188647279878,1.1653561310004,-0.433104403428529,0.166455065796349,0.211504159610131,-0.221371894376151,0.448849476910756,0.228536400463542,0.525449084072891,"1","6","1","1","1"
"Congo Dem. Rep.",2015,"Africa",TRUE,58.828,73767445,0.069678432,3.97874045,117.0283067,58.56222668,849.7608186,3,0.95024714,11.65966735,42.08531377,5.3,0.55,0.103662859047062,-0.913964025975758,-1.02978767062412,-0.875875114244632,1.37747318239096,-1.06681489250148,-1.76090700210041,-0.394486783777228,0.348519164007302,-3.19335666452469,-1.61161327151293,-0.941704879645775,"1","2","2","1","2"
"Congo Rep.",2015,"Africa",TRUE,62.582,4736965,1.095638253,1.97311711,213.0763092,64.50073206,5931.133916,7.11,5.007370687,8.731874759,70.10704061,8,3.87,-0.285553173804194,-0.725768543606541,-1.82488316412911,-0.853856459494401,1.66622383283159,-0.80746325110501,-1.61117706702563,0.743896042753443,0.134779988510269,-1.31206887284935,-1.30680320314873,0.896389897541384,"1","2","2","1","2"
"Costa Rica",2015,"North America",FALSE,79.565,4847805,1.55534308,7.59196186,1942.4906,57.83450842,17090.79658,59.76295014,0,0.265891194,99.37868682,24.8,2.26,-0.284928222259873,-0.64144324168546,0.402612921665938,-0.457394532144695,1.34208900616033,-0.237877673769575,0.307003664351065,-0.661115347735003,-0.483266642428327,0.653134448542841,0.589792777784075,0.00502465920664687,"1","6","1","1","7"
"Cote d'Ivoire",2015,"Africa",FALSE,56.065,23226148,0.422368807,3.21990895,274.7302239,10.69544025,4652.889619,16.7,1.719446027,27.55558706,71.0757669,8.7,1.03,-0.181305217569196,-0.849268768041183,-1.33061360037204,-0.839722524103299,-0.949975364294496,-0.872704427097825,-1.26180721851779,-0.178658305052494,1.50897731361344,-1.24703173387294,-1.22777837060986,-0.675956237160885,"1","2","2","1","6"
"Croatia",2015,"Europe",FALSE,77.27560976,4203604,3.948992432,6.78702879,3714.382988,34.34350654,23301.27286,69.84503592,1.783240088,0,98.814,26.5,4.55,-0.28856043454608,-0.202367573026888,0.0835108032541427,-0.0511946557242258,0.199875328086357,0.0791030293195181,0.674300513318907,-0.160758415479067,-0.50267763648309,0.615223208216654,0.781710228235609,1.27286714106165,"1","6","1","1","7"
"Cyprus",2015,"Europe",FALSE,80.35,1160987,5.900152116,6.75352287,3624.933502,18.69155844,31815.27344,71.71574092,1.653213363,0,99.78851757,22.2,2.85,-0.30571568709866,0.155540631947301,0.0702279472629781,-0.0717006245997321,-0.561176469518959,0.513654868546468,0.74245149584788,-0.197242438954142,-0.50267763648309,0.680649154935865,0.296271971211141,0.331674032260992,"1","3","1","1","3"
"Czechia",2015,"Europe",FALSE,78.57804878,10546059,9.400668002,7.19641542,6258.891037,34.5601606,33899.28657,75.6688387,0.946582096,0,99.88009269,28,6.87,-0.252799634771291,0.797652790944683,0.245805217226308,0.532124546984991,0.210409797071818,0.620022225478762,0.886465382452183,-0.395515153532239,-0.50267763648309,0.686797211273039,0.951049155104609,2.55731891307195,"1","3","1","1","7"
"Denmark",2015,"Europe",FALSE,80.70243902,5683483,5.929462754,10.22716618,5858.801536,15.617,49045.33919,96.33050162,1.111446012,0,99.99999785,20.9,3.45,-0.280216401106361,0.160917187192498,1.44729515960643,0.440405486073642,-0.710672124159201,1.3930718583987,1.63918300959299,-0.349256209599469,-0.50267763648309,0.694847254546777,0.149511567924675,0.663859835367105,"1","3","1","1","4"
"Ecuador",2015,"South America",FALSE,76.143,16212022,2.56106243,7.49149466,1376.393633,51.61531648,11060.28627,48.94043379,2.616074159,3.496447184,93.0637795,18.8,2.99,-0.220853114319137,-0.456960541362145,0.362784397350368,-0.587170200009578,1.03969040533763,-0.545672971886361,-0.0872675449996217,0.0729253737358501,-0.247424671988829,0.229172066976879,-0.0875629296919255,0.409184052985751,"1","6","1","1","1"
"Egypt",2015,"Africa",FALSE,71.117,90424668,2.423232509,5.02518845,1684.911332,0.05210106,10895.94317,33.89460391,1.689694836,0.191124016,99.0256283,30.2,0.11,0.197581636004411,-0.482243177130691,-0.614941037962119,-0.516443641186906,-1.46749129083099,-0.554060990620705,-0.635396773972539,-0.187006151626769,-0.488724909871548,0.629431245409947,1.19941291451248,-1.18530780192359,"1","1","1","1","1"
"El Salvador",2015,"North America",FALSE,72.412,6325121,1.106698196,7.63034058,937.0744722,29.26544402,7597.689174,26.80260496,1.056819966,2.202425267,95.56213774,22.1,1.16,-0.276598639837909,-0.7237397786732,0.41782751690419,-0.687882517549092,-0.0470376174784303,-0.722402809103344,-0.893762842666933,-0.364583658203704,-0.341892831538411,0.396903730445749,0.284982709419875,-0.603982646487894,"1","1","1","1","1"
"Eritrea",2015,"Africa",TRUE,64.664,3333645,0.194446714,4.45335484,96.63457996,8.845245978,1626.37,1.083733116,31.5683,67.35015798,51.46509353,3.8,0.52,-0.293465542995612,-0.891077333402864,-0.841634813048368,-0.880550301822412,-1.03993820263439,-1.02717701075989,-1.83071783327493,8.19659139115425,4.41412121070687,-2.56362869480148,-1.78095219838193,-0.958314169801081,"4","8","5","3","9"
"Estonia",2015,"Europe",FALSE,77.5902439,1315407,11.81383402,6.34629202,6732.367473,55.69381182,29175.92593,88.4097035,2.011335173,0,99.75130757,23.4,6,-0.304845017507591,1.24030847150716,-0.0912118441443202,0.640667295457594,1.23800094088252,0.378943424255074,1.35062325576134,-0.0967575230802995,-0.50267763648309,0.67815099630603,0.431743112706341,2.07564949856808,"1","3","1","1","7"
"Ethiopia",2015,"Africa",TRUE,65.048,100835453,0.127832027,3.82317114,69.1987454,15.44784411,1657.344704,13.85517556,0.705413868,31.57458485,42.0700672,3.4,0.59,0.256280987893133,-0.903296703885248,-1.09146049564653,-0.886839866969392,-0.718897068002455,-1.02559607187385,-1.36544599679038,-0.463184221501106,1.80237831360218,-3.19438026974965,-1.82610924554699,-0.919559159438701,"1","2","2","1","6"
"Finland",2015,"Europe",FALSE,81.4804878,5479531,7.814537356,9.64523888,15249.98938,73.73564542,42497.70498,86.42213333,1.449960972,0,99.99999666,24.5,4.13,-0.281366348033169,0.506703169025163,1.21659991162556,2.59330109503328,2.11525722908705,1.05888272347844,1.27821480016263,-0.254272753334582,-0.50267763648309,0.694847174654039,0.555924992410275,1.04033707888737,"1","3","6","1","4"
"France",2015,"Europe",FALSE,82.32195122,66548272,4.677807228,11.4475565,6939.943525,30.74748382,40849.99738,78.00603771,1.872258281,0,100,22.8,2.16,0.0629588414083772,-0.0686784662182472,1.93109828674252,0.688253349351883,0.0250242783767331,0.974784259852519,0.971611040852221,-0.13578092071312,-0.50267763648309,0.694847398890799,0.364007541958742,-0.0503396413110384,"1","3","1","1","4"
"Gabon",2015,"Africa",FALSE,64.913,1947690,3.142183759,2.6574378,1167.851594,91.55120891,14699.53605,45.78453653,1.185025608,2.056236816,83.85848655,13.1,6.37,-0.301280002735866,-0.350363375871201,-1.55359578634499,-0.634977702905331,2.98151148272952,-0.359926838744181,-0.202238905545242,-0.328610609952546,-0.352565103570241,-0.388841424643827,-0.731050851794126,2.28049741048352,"1","6","1","1","7"
"Georgia",2015,"Asia",FALSE,72.973,3725276,2.469615623,7.42301512,2693.97276,40.61591596,12089.16941,47.56975964,2.00294589,0.063478336,95.75472951,22.5,1.39,-0.291257401546189,-0.473734956502218,0.335636840495901,-0.285119983988452,0.504861546664958,-0.493159108792802,-0.137202083074607,-0.0991114606874417,-0.498043494283171,0.409833716800514,0.330139756584941,-0.476644755297217,"1","6","1","1","1"
"Germany",2015,"Europe",FALSE,80.64146341,81686611,9.087290909,11.18370342,7035.482975,32.73232815,47609.781,87.58979935,1.137338427,0,100.0000024,25.2,5.88,0.148313662199678,0.740168909048495,1.82649819026807,0.710155420293722,0.121534267782667,1.3198014321261,1.32075362190561,-0.34199109178091,-0.50267763648309,0.69484756001901,0.634949824949142,2.00921233794686,"1","3","1","1","4"
"Ghana",2015,"Africa",FALSE,62.772,27849203,0.566623028,4.62171459,351.3014757,34.63320735,5206.028871,23,0.526514224,18.75471987,80.15796123,9.3,0.47,-0.155238947614921,-0.82280769992798,-0.774891434148207,-0.822168843513459,0.213961582449686,-0.844472378362726,-1.03229417935206,-0.513381431431438,0.866482998055731,-0.637282684065563,-1.16004279986226,-0.985996320059924,"1","2","2","1","2"
"Greece",2015,"Europe",FALSE,81.03658537,10820883,6.28506954,8.06892395,5062.606422,30.27,26760.3633,66.83495949,2.466920999,0,100.0000046,26.9,2.1,-0.251250088730001,0.226147412836039,0.591696485248582,0.257880656064958,0.00180736523488252,0.255653887947057,0.564641499101378,0.031074689649009,-0.50267763648309,0.694847707719869,0.826867275400675,-0.0835582216216498,"1","3","1","1","3"
"Guatemala",2015,"North America",FALSE,73.25,15567419,1.049628082,6.00602055,601.1897311,33.46211273,8194.440681,28.80594156,0.432011238,4.739855752,92.13403385,18.2,0.9,-0.224487593210549,-0.734208353965581,-0.226106720450118,-0.764882871097844,0.157018915631303,-0.691944804961617,-0.820780005914878,-0.539897896871051,-0.156651465257169,0.166751961653054,-0.155298500439526,-0.747929827833876,"1","1","1","1","1"
"Honduras",2015,"North America",FALSE,74.495,9112904,1.089663658,7.48378992,619.837087,57.76950576,4823.395396,27.1,1.67127565,7.515631775,93.25441071,18.7,1.22,-0.260880223281771,-0.726864484953337,0.359729983328328,-0.760608032674559,1.33892835223239,-0.864001867320202,-0.882928550688645,-0.192174366195088,0.0459899651311124,0.241970427696511,-0.0988521914831923,-0.570764066177282,"1","6","1","1","1"
"Hungary",2015,"Europe",FALSE,75.56829268,9843028,4.407180501,6.85949564,3965.958233,22.58185404,26806.59525,72.83473703,0.90544456,0,99.97052896,28.1,3.92,-0.256763549505644,-0.118320495454953,0.112239061803179,0.00647805291289111,-0.372016855605081,0.258013551740214,0.783217241565457,-0.407057879299813,-0.50267763648309,0.692868808917506,0.962338416895876,0.924072047800226,"1","3","1","1","7"
"India",2015,"Asia",FALSE,68.607,1310152392,1.647151914,3.59565997,804.5163493,23.82222461,5464.859178,14.9,2.457450601,29.22911238,88.13813263,3.6,0.21,7.07479856820555,-0.624602418636908,-1.18165345580078,-0.718270984425056,-0.311705752733789,-0.831261763106399,-1.32738237256514,0.0284174034414982,1.63115055879815,-0.101519877011639,-1.80353072196446,-1.12994350140591,"3","7","4","2","8"
"Indonesia",2015,"Asia",FALSE,70.768,258383257,1.890795841,2.92428517,811.9098582,50.61354905,10247.20634,22.0627426,0.882266734,12.05811867,88.52735296,6.5,0.06,1.1445861432,-0.579909940988609,-1.44780865418056,-0.716576049438127,0.990981011560379,-0.587172308854931,-1.06643906734485,-0.413561314250476,0.377607514348203,-0.0753888873234657,-1.47614213001773,-1.21298995218243,"1","2","2","1","2"
"Iran",2015,"Asia",FALSE,75.502,77465769,7.81441898,6.75900412,2830.811233,6.564490778,16210.91989,39.35,2.281078729,0.415113999,96.66106245,24.6,0,0.124515198411914,0.506681454891759,0.0724008962344306,-0.253750262441815,-1.150836400978,-0.282786295790414,-0.436653196755277,-0.0210705423511139,-0.472372851862663,0.470681968764104,0.567214254201542,-1.24620853249305,"1","1","1","1","1"
"Iraq",2015,"Asia",FALSE,69.929,35572269,3.743646439,3.14434433,1328.230493,1.900361184,9763.90409,16.8,5.410251036,0.327922589,94.2475933,26.8,0.11,-0.111693819289457,-0.240034923554858,-1.36056991750905,-0.598211424436364,-1.37762249744977,-0.611839899568206,-1.25816415440405,0.856939696745053,-0.478738132019841,0.308649483278636,0.815578013609409,-1.18530780192359,"1","1","1","1","1"
"Ireland",2015,"Europe",FALSE,81.45365854,4701957,7.881824817,7.31605005,5672.064134,10.95471041,69028.77272,83.49479167,0.34201587,0,97.37212799,26.2,5.1,-0.285750560159874,0.519045948850549,0.293232345382953,0.397596616794003,-0.937368753278873,2.41301985028984,1.17156986666056,-0.565149575852891,-0.50267763648309,0.518420601258854,0.747842442861808,1.57737079390892,"1","3","1","1","4"
"Israel",2015,"Asia",FALSE,82.05121951,8380100,7.892507176,7.09919786,6600.89828,7.624768946,35469.9502,77.35208966,5.509027525,0,100.0000015,26.3,1.58,-0.265012007759259,0.521005452199215,0.207264957794768,0.610528461795141,-1.09928201295149,0.700188389764292,0.947787294120157,0.884655258630208,-0.50267763648309,0.694847499595931,0.759131704653075,-0.371452584313614,"1","3","1","1","3"
"Italy",2015,"Europe",FALSE,82.54390244,60730582,5.563259469,8.85689163,5002.40668,31.43900608,36899.38521,58.14173496,1.208228326,0,99.91703407,22.5,1.79,0.030156835364693,0.0937432078074255,0.904072961379731,0.24408008446899,0.0586484800220919,0.773146290907739,0.247941755921951,-0.322100190589161,-0.50267763648309,0.689277335627918,0.330139756584941,-0.255187553226475,"1","3","1","1","3"
"Jamaica",2015,"North America",FALSE,74.098,2891024,2.452418296,5.62469387,1050.732539,53.32040628,8792.056957,42.22122119,0.872496467,0.803621387,90.41679629,23.7,1.13,-0.29596118245338,-0.476889523751325,-0.377277241242532,-0.661826819696888,1.12259776288046,-0.661442663289486,-0.332052767956237,-0.416302740296435,-0.444010443596146,0.0514622054049573,0.465610898080141,-0.620591936643199,"1","6","1","1","1"
"Jordan",2015,"Asia",FALSE,74.078,9266573,2.731322514,7.4609561,1864.932387,1.09822032,9464.682242,54.22,4.259212039,0.112225629,99.00678491,32.5,0.05,-0.260013788070076,-0.425729124711372,0.350677901105598,-0.475174469994957,-1.41662535783364,-0.627112086029025,0.105070436958125,0.533971216324783,-0.494484770128475,0.628166161364157,1.45906593571161,-1.2185263822342,"1","1","1","1","1"
"Kazakhstan",2015,"Asia",FALSE,71.97,17542806,10.87226272,3.04051137,5600.208465,1.225490314,23224.11784,70.8299336,1.109721439,0,95.02533441,20.6,1.84,-0.213349726409015,1.06759267761204,-1.40173274052111,0.381123966386121,-1.41043705097905,0.0751650620229981,0.710180967256063,-0.349740105212594,-0.50267763648309,0.360864497138468,0.115643782550875,-0.227505402967632,"1","1","1","1","1"
"Kenya",2015,"Africa",FALSE,64.798,47878339,0.359452718,5.21938562,164.3252601,6.189004463,3683.041911,16.58785485,1.318070261,10.73529794,58.19692798,5.7,0.84,-0.0423082414202335,-0.860809691453368,-0.537954850357011,-0.865032459941099,-1.16909384300254,-0.922205140813004,-1.26589273823274,-0.291279790128505,0.281036939974282,-2.11167517892157,-1.56645622434786,-0.781148408144487,"1","2","2","1","6"
"Kuwait",2015,"Asia",FALSE,75.13,3835588,23.20895692,4.21497965,15590.61258,0.350729517,47230.66013,82,5.007568172,0,100,36.3,0,-0.290635427035569,3.33055665367454,-0.936134630413077,2.6713877230266,-1.4529709434235,1.3004512253931,1.11711364775559,0.743951454803358,-0.50267763648309,0.694847398890799,1.88805788377974,-1.24620853249305,"2","4","3","1","5"
"Kyrgyz Republic",2015,"Asia",FALSE,70.65121951,5956900,1.724051177,7.14930916,1941.221832,6.526642336,4214.829509,30.24704278,1.752024087,0,88.44176125,14.7,0.48,-0.278674788183286,-0.610496511565405,0.227130736183484,-0.45768539258763,-1.15267672300287,-0.895062873600593,-0.768279764526363,-0.169517271116491,-0.50267763648309,-0.0811352369332181,-0.550422663133859,-0.980459890008155,"1","1","1","1","1"
"Latvia",2015,"Europe",FALSE,74.4804878,1977527,3.701593036,5.65469503,3507.404521,54.50110081,24972.78609,79.20058292,1.037829348,0,98.52511728,25.3,4.8,-0.301111772140161,-0.247748929796485,-0.365383788149828,-0.0986437154337696,1.18000721049287,0.164416524610433,1.01512908872015,-0.369912210106539,-0.50267763648309,0.595828560004391,0.646239086740409,1.41127789235586,"1","6","1","1","7"
"Libya",2015,"Africa",FALSE,72.121,6418315,7.997426401,8.978,1811.054601,0.123327688,21382.46193,17.79,17.4987,0.75,97.28161516,31,0,-0.276073182113068,0.540251161197286,0.952084328864483,-0.487525756203546,-1.46402800607369,-0.018832460691956,-1.222097819678,4.24882129477667,-0.447924993787174,0.512343863624473,1.28972700884261,-1.24620853249305,"5","9","7","1","10"
"Lithuania",2015,"Europe",FALSE,74.32195122,2904910,3.810789214,6.49043989,3821.14517,34.90822027,28834.42768,71.37805901,1.137748174,0,96.60413858,27.9,5.36,-0.295882888722377,-0.227718684000353,-0.0340668560752523,-0.0267198143464549,0.227333660851267,0.36151346389321,0.730149527366073,-0.341876121422571,-0.50267763648309,0.46686028488654,0.939759893313342,1.7213179752549,"1","6","1","1","7"
"Luxembourg",2015,"Europe",FALSE,82.29268293,569604,16.02867977,5.28378248,13914.67845,34.45382721,107859.686,96.37671417,0.499754077,0,99.92517066,23.7,4.02,-0.309050094524998,2.01345271438789,-0.512425803022593,2.2871859277566,0.20523950024436,4.39493712010124,1.64086656241809,-0.520890025002063,-0.50267763648309,0.689823599872098,0.465610898080141,0.979436348317912,"6","4","3","4","5"
"Malaysia",2015,"Asia",FALSE,75.461,30270965,7.814088295,3.81819606,4651.951414,59.2427941,24801.88843,71.06406781,1.503898666,0.290067877,97.05220256,14.7,0.4,-0.141584275097072,0.506620796158528,-1.09343278207187,0.163739491155203,1.4105647218641,0.155693963251084,0.718710626638565,-0.23913844849004,-0.481501659380498,0.496941846250568,-0.550422663133859,-1.0247513304223,"1","6","1","1","1"
"Malta",2015,"Europe",FALSE,81.89756098,445053,3.729892769,8.89759541,4924.544019,1.09375,37455.20487,75.96001898,0.467203717,0,100,30.6,2.76,-0.309752353094077,-0.242557808473952,0.920209287379317,0.226230353023578,-1.416842720238,0.801515146801275,0.897073266739156,-0.530023286632409,-0.50267763648309,0.694847398890799,1.24456996167754,0.281846161795074,"1","3","1","1","3"
"Mauritius",2015,"Africa",FALSE,74.35317073,1262605,3.136372847,5.6999588,2182.509156,18.86699507,19229.83549,50.13931848,0.146135699,0.130330695,99.86648182,11.1,1.41,-0.305142732154318,-0.351429292259407,-0.347439731143567,-0.402371152369433,-0.552646134395542,-0.128701818801697,-0.0435914070930874,-0.620111328962228,-0.493163036515563,0.685883421637187,-0.95683608761946,-0.46557189519368,"1","1","1","1","1"
"Mexico",2015,"North America",FALSE,74.904,121858251,3.870316544,5.72277403,2157.323788,34.12171609,18301.50047,57.43104299,0.466676122,2.255108509,98.02544354,27.8,3.59,0.374814279809882,-0.216799372781536,-0.33839501861231,-0.408144806254109,0.18909111007172,-0.17608373833168,0.222050791803636,-0.530171323802194,-0.338046769238026,0.562282086860526,0.928470631522075,0.741369856091864,"1","6","1","1","7"
"Moldova",2015,"Europe",FALSE,71.478,2834530,2.829393394,8.55763531,1725.616479,11.75182482,9254.848633,69.00000447,0.297625495,0.134190001,88.5760319,19.6,1.52,-0.296279713782728,-0.407739632150168,0.785437848450257,-0.507112134492111,-0.898610296456006,-0.637821925647403,0.643515475814125,-0.577605011330232,-0.492881293578933,-0.0721207412860497,0.00275116463820804,-0.404671164624226,"1","1","1","1","3"
"Mongolia",2015,"Asia",FALSE,69.111,2998433,5.769680109,4.23834085,2006.386834,9.104691498,10648.27398,22.50000413,0.865841302,9.776212471,80.81301209,18.8,2.13,-0.295355575989793,0.131607684681284,-0.926873477298022,-0.44274655322097,-1.02732306500966,-0.566701946070857,-1.05050934946222,-0.41817010407177,0.211020321308945,-0.593304695382677,-0.0875629296919255,-0.0669489314663442,"1","1","1","1","1"
"Montenegro",2015,"Europe",FALSE,76.44878049,622159,3.793242395,9.02188778,4612.34139,61.48698885,16332.84831,68.11978601,1.40371624,0.106118121,97.39129537,24.4,3.5,-0.308753772543657,-0.23093735981802,0.969482897878911,0.154659037419538,1.51968522480417,-0.276563108621564,0.611448552975335,-0.267248500342642,-0.494930639732857,0.51970743694169,0.544635730619008,0.691541985625947,"1","6","1","1","7"
"Morocco",2015,"Africa",FALSE,75.726,34663608,1.742749914,5.06548977,904.4418639,12.73737396,7024.962891,57.07999935,3.230153348,6.520443469,83.75113288,24.8,0.16,-0.116817142053932,-0.60706653530573,-0.598964260431048,-0.695363424148448,-0.850689491976379,-0.751634573573257,0.209262046931223,0.24522902551998,-0.0266622878469842,-0.39604880161655,0.589792777784075,-1.15762565166475,"1","1","1","1","1"
"Mozambique",2015,"Africa",TRUE,57.206,27042001,0.204126905,6.7166338,478.920644,48.24639487,1291.268034,6.5,0.840285274,30.3410581,51.17617521,5.8,0.99,-0.159790211928158,-0.889301661317679,0.0556038986035771,-0.792912613991047,0.875881796281359,-1.04428050685266,-1.63339975811945,-0.425340835515492,1.71232651440403,-2.5830257330822,-1.55516696255659,-0.698101957367959,"1","2","2","1","2"
"Myanmar",2015,"Asia",TRUE,65.81,52680724,0.361422537,5.47780514,215.2988584,45.92460342,4105.443377,10.9,4.301367428,7.776647977,73.5874705,5.4,0.37,-0.0152308512887382,-0.860448360503269,-0.435508796959106,-0.853346948185197,0.762988273673323,-0.900645906441603,-1.47310493711481,0.54579954009343,0.0650450675923806,-1.07840410624787,-1.60032400972166,-1.04136062057761,"1","2","2","1","2"
"Namibia",2015,"Africa",FALSE,62.119,2314901,1.814332366,9.98109627,1652.571933,8.495123225,10633.29442,25.68785182,4.405391055,49.03583727,82.52413515,14.5,1.24,-0.299209549095107,-0.593935909907378,1.34974490047943,-0.523857330622154,-1.05696238063771,-0.567466497974236,-0.934374014267082,0.574987389356191,3.07711126663613,-0.478425446819131,-0.573001186716393,-0.559691206073745,"1","5","2","1","6"
"Nepal",2015,"Asia",FALSE,69.515,27015033,0.266148113,5.46615076,146.4730037,41.59072201,2996.220462,17.58161801,1.556630126,24.00739,87.80846759,3.5,0.19,-0.159942266179757,-0.877924889130533,-0.440128979040551,-0.869125024699894,0.552259984989005,-0.957260285698073,-1.2296893091752,-0.224342599217401,1.2499464258256,-0.123652517824083,-1.81481998375573,-1.14101636150944,"1","2","2","1","2"
"Netherlands",2015,"Europe",FALSE,81.5097561,16939923,9.292250246,10.32393837,6712.774758,10.83546184,50288.59139,91.72413793,1.132711505,0,99.99999856,22.6,4.04,-0.216748974531489,0.777765333882358,1.48565885962481,0.63617573690379,-0.943167030782768,1.45652704906454,1.47137022705417,-0.343289353587207,-0.50267763648309,0.694847302213873,0.341429018376208,0.990509208421449,"1","3","1","1","4"
"New Zealand",2015,"Oceania",FALSE,81.45682927,4609400,7.003080396,9.28344345,9012.731097,37.3955034,37479.68298,85.2,1.111071249,0,99.99999735,31.3,3.28,-0.286272426273982,0.357854714257987,1.07317222496746,1.16343235079375,0.348273960751692,0.802764501628227,1.23369169939533,-0.34936136384441,-0.50267763648309,0.6948472209784,1.32359479421641,0.569740524487039,"1","3","1","1","3"
"Nicaragua",2015,"North America",FALSE,73.649,6223234,0.846826583,7.96303225,568.3137183,32.47074954,5293.870462,19.7042915,0.775537372,7.445650444,81.35312854,21.2,1.44,-0.277173111490709,-0.771408958851165,0.54971750954042,-0.772419577292305,0.108815411951832,-0.839988971934573,-1.15235895300909,-0.443508362049209,0.0408810813822755,-0.557043029951782,0.183379353298475,-0.448962605038374,"1","1","1","1","1"
"Niger",2015,"Africa",TRUE,60.631,20001663,0.105491223,5.34746218,51.19494192,0.901397332,1145.309402,2.476219975,1.77654,71.72301152,45.48245806,4.5,0.05,-0.199485900358717,-0.90739475753144,-0.487181061655678,-0.890967173344318,-1.42619557157767,-1.05173018827923,-1.77998864422614,-0.162638384138411,4.7333549272898,-2.96528342279236,-1.70192736584306,-1.2185263822342,"1","5","2","5","6"
"Nigeria",2015,"Africa",FALSE,53.112,181137454,0.594907347,3.58194971,144.5254385,24.64228071,5426.332787,24.5,0.417636537,20.62403473,68.77975546,7.4,0.72,0.709049478844342,-0.817619406050641,-1.18708865677963,-0.869571496928636,-0.271831791674449,-0.833228137657413,-0.977648217645931,-0.543931274845704,1.00294956954339,-1.40117848993414,-1.37453877389633,-0.84758556876571,"1","2","2","1","6"
"North Macedonia",2015,"Europe",FALSE,75.40243902,2070226,3.579319286,6.34227896,3513.954972,39.42902458,13888.29539,70.38020308,0.993427692,0.218792815,97.47233283,23.4,1.67,-0.300589105384414,-0.27017804143549,-0.0928027539914131,-0.0971420483998581,0.447150786794035,-0.401332299966112,0.693796996073398,-0.382370810904461,-0.486704990050918,0.525148028987886,0.431743112706341,-0.321624713847698,"1","1","1","1","1"
"Norway",2015,"Europe",FALSE,82.30487805,5188607,7.610906295,10.13146877,22999.9346,33.24564399,60368.92087,96.81032569,1.507279581,0,100.0000012,24.5,2.57,-0.283006671049049,0.469350394612519,1.40935753796353,4.36994781012116,0.146493457544565,1.97102380935812,1.65666330809626,-0.238189802108097,-0.50267763648309,0.694847479454905,0.555924992410275,0.176653990811472,"1","3","6","1","4"
"Oman",2015,"Asia",FALSE,76.887,4267341,16.43412074,4.3044014,6445.58142,0.009693053,35803.65721,73.53,10.93096096,0,90.23848564,21.9,0.17,-0.28820106485481,2.08782420278304,-0.900684888166694,0.574922637330131,-1.46955331466048,0.71722068775345,0.808546117321662,2.4059882516963,-0.50267763648309,0.0394910070956566,0.262404185837341,-1.15208922161298,"1","9","7","1","10"
"Pakistan",2015,"Asia",FALSE,66.577,199426953,0.823008136,2.68711925,447.5051567,5.101442507,4921.89157,11,3.551387243,14.77854935,89.45498234,7.4,0,0.81217155250828,-0.775778061842042,-1.54182907688115,-0.800114500034111,-1.2219748630732,-0.858974654417602,-1.46946187300107,0.335363611053605,0.576208539682936,-0.013110861498796,-1.37453877389633,-1.24620853249305,"1","2","2","1","2"
"Panama",2015,"North America",FALSE,77.776,3968490,2.69623958,6.8090291,2064.177914,57.62155963,25319.2167,51.20542499,0,5.033525135,92.90436561,21.9,5.36,-0.289886082844452,-0.43216451287367,0.0922324545172921,-0.429498158615752,1.3317347002048,0.18209823103334,-0.00475246341301259,-0.661115347735003,-0.13521256552633,0.218469535801949,0.262404185837341,1.7213179752549,"1","6","1","1","7"
"Paraguay",2015,"South America",FALSE,73.662,6688746,0.952345908,6.70042467,1552.384687,44.0446514,11486.52319,49.71630466,1.068847829,0.674267511,96.83621453,18.4,3.12,-0.274548405217702,-0.752053171362047,0.0491780628249425,-0.546824891868942,0.671578510805994,-0.523917977181811,-0.0590020717656757,-0.361208776339633,-0.453453732334759,0.482441110935178,-0.132719976856992,0.481157643658742,"1","6","1","1","1"
"Peru",2015,"South America",FALSE,75.792,30470739,1.790242082,4.97963047,1345.879007,57.18322656,11572.32079,40.85260091,1.730910598,7.553732146,90.28200304,18.6,3.16,-0.140457885077087,-0.5983548769322,-0.633001729552989,-0.594165566880705,1.31042143180255,-0.519538895394004,-0.38191248223031,-0.175441476531314,0.0487714264643722,0.0424126240899602,-0.110141453274459,0.503303363865817,"1","6","1","1","1"
"Philippines",2015,"Asia",FALSE,70.644,102113206,1.087126793,3.89827442,696.346787,23.52399638,7186.76928,36.9,1.08846304,5.716699768,92.01770102,5.7,1.11,0.263485369980926,-0.727329831180946,-1.06168706895942,-0.743068462610687,-0.326206639721661,-0.743376027748889,-0.525908267541951,-0.35570497072896,-0.0853384100869129,0.158941753021029,-1.56645622434786,-0.631664796746736,"1","2","2","1","2"
"Poland",2015,"Europe",FALSE,77.45121951,37986412,7.610089275,6.39477158,3971.799761,30.76521114,26862.05252,67.99698716,2.137407113,0,99.23206988,25,5.82,-0.0980821051423781,0.469200525709411,-0.0719929415147244,0.00781720193106888,0.0258862419269909,0.26084407288601,0.606974912138898,-0.0613831673968182,-0.50267763648309,0.643291063056652,0.612371301366608,1.97599375763625,"1","6","1","1","7"
"Portugal",2015,"Europe",FALSE,81.12439024,10358076,4.812669696,9.31645775,4662.6008,36.15499489,29660.89607,68.63286148,1.787974411,0,99.90468984,22.7,2.57,-0.253859543343612,-0.0439401609754308,1.08626018651422,0.166180824108858,0.287956150760986,0.403696143535151,0.630140221299317,-0.159430018170971,-0.50267763648309,0.688448584090611,0.352718280167475,0.176653990811472,"1","3","1","1","3"
"Qatar",2015,"Asia",FALSE,79.758,2565708,33.04351032,3.00097346,14781.62428,0,92968.2321,92.88482645,1.4365748,0,99.69150138,32.9,0.28,-0.297795418618956,5.13454398642879,-1.41740687705345,2.48593010172234,-1.47002462438901,3.63488212360412,1.51365485399861,-0.258028761289788,-0.50267763648309,0.674135802818632,1.50422298287668,-1.09118849104353,"7","4","3","4","5"
"Romania",2015,"Europe",FALSE,74.91219512,19815616,3.700112058,4.94721556,2584.411787,29.99374131,21605.83562,55.76315563,1.451968796,0,100,23.9,5.22,-0.200534893140803,-0.248020590892157,-0.645852073059347,-0.310236438009307,-0.0116252868085132,-0.00743153971334702,0.161288585933841,-0.253709380705226,-0.50267763648309,0.694847398890799,0.488189421662675,1.64380795453014,"1","6","1","1","7"
"Russian Federation",2015,"Europe",FALSE,71.18341463,144096870,11.05201007,5.29604387,6602.657479,49.76106301,24085.32422,70.09924123,4.871514747,0,96.52715543,25.2,3.49,0.500202761293287,1.10056437742468,-0.507564982080458,0.610931751758594,0.949530194765539,0.119120757452723,0.683561375742743,0.705776407700047,-0.50267763648309,0.461691886054925,0.634949824949142,0.686005555574179,"1","6","1","1","1"
"Saudi Arabia",2015,"Asia",FALSE,74.651,31717676,17.81940147,5.9983449,9401.485668,0.454484135,48611.11934,69.6162358,13.32567233,0,99.54802638,34.1,0,-0.133427253501651,2.34193120567232,-0.229149602233056,1.25255292028631,-1.44792603540092,1.37090941752577,0.665965178254989,3.07791708662703,-0.50267763648309,0.664503356986446,1.63969412437188,-1.24620853249305,"1","9","7","1","10"
"Senegal",2015,"Africa",TRUE,66.747,14578450,0.637241954,4.38257313,229.3516495,42.94478783,2971.346817,21.7,1.209099171,14.37377479,78.60209362,7.1,0.14,-0.230063718290265,-0.80985381755273,-0.869695026310335,-0.850125397008139,0.61809934375783,-0.958529828503652,-1.0796540128307,-0.321855841364622,0.5466585705415,-0.741738585618991,-1.40840655927013,-1.16869851176829,"1","2","2","1","2"
"Serbia",2015,"Europe",FALSE,75.28780488,7095383,6.397117589,8.8132,4271.744667,31.09455751,14928.46704,65.3170254,1.826086336,0.061435254,93.3864573,23,3.1,-0.272255655117304,0.246700787537917,0.886752152719373,0.0765784791820377,0.0419002004018011,-0.348242274968811,0.509342186998335,-0.148736244514976,-0.498192646468164,0.250835607173771,0.386586065541275,0.470084783555205,"1","3","1","1","3"
"Slovak Republic",2015,"Europe",FALSE,76.56341463,5423801,5.669455793,6.7925415,5137.073835,39.96817936,29964.88861,77.63468203,1.114488089,0,99.78718913,21.9,3.42,-0.281680571684965,0.113223179646418,0.0856962240111626,0.274952039272431,0.473366355098053,0.419211824574518,0.958082315339799,-0.348402637315148,-0.50267763648309,0.6805599677859,0.262404185837341,0.647250545211799,"1","3","1","1","3"
"Slovenia",2015,"Europe",FALSE,80.77560976,2063531,6.367726166,8.49823952,6727.999302,61.95823776,31628.24718,73.09865997,0.930119532,0,99.5,22,5.73,-0.300626853946208,0.241309413611001,0.761891390837648,0.639665908165454,1.54259897507881,0.504109108653328,0.792832123480529,-0.400134362171355,-0.50267763648309,0.661279021709457,0.273693447628608,1.92616588717033,"1","3","1","1","7"
"South Africa",2015,"Africa",FALSE,62.649,55386369,7.669937662,8.79018974,4198.04612,14.20512081,13701.94539,51.91911572,1.099182075,2.582873352,91.87634387,26.4,3.99,2.4444823991079e-05,0.480178729562956,0.877630123839126,0.0596833557047263,-0.779322568735556,-0.410843543767312,0.0212477474547192,-0.352697331148941,-0.31411878078861,0.149451492764069,0.770420966444342,0.962827058162606,"1","3","1","1","3"
"Spain",2015,"Europe",FALSE,82.83170732,46444832,5.51794436,9.12617207,5355.987006,37.12753247,34903.12748,78.68963187,1.270823783,0,99.92672046,26.6,4.17,-0.0503908146198477,0.0854308951590059,1.01082464304546,0.325137086405786,0.335244288235561,0.671257941242802,0.996514814378816,-0.304536615696223,-0.50267763648309,0.689927648414009,0.792999490026875,1.06248279909444,"1","3","1","1","3"
"Sri Lanka",2015,"Asia",FALSE,76.316,20970000,0.970910854,3.88992095,531.0905766,34.39516585,11557.48705,12.1,2.553055,0.79328101,90.11102857,5.1,0.36,-0.19402610512619,-0.748647736864405,-1.0649986610314,-0.78095284695412,0.202387182233034,-0.520296004691689,-1.42938816774991,0.0552429128699361,-0.444765327552442,0.0309339530952796,-1.63419179509546,-1.04689705062938,"1","2","2","1","2"
"Sudan",2015,"Africa",TRUE,64.429,38902948,0.480940393,7.26747084,256.7562291,10.28368844,4434.475098,18.5987,2.655921816,26.63497315,58.95025332,7.3,0,-0.0929143805968533,-0.838524772365352,0.273973938194176,-0.843842996946903,-0.969996159991342,-0.883852233692692,-1.19263636019017,0.084106174093736,1.44176925431328,-2.0610993606148,-1.38582803568759,-1.24620853249305,"1","2","2","1","6"
"Sweden",2015,"Europe",FALSE,82.20487805,9799186,3.999311639,10.80418396,13480.14822,68.69449814,49103.13343,90.61019664,1.066502053,0,99.78123103,21.6,2.62,-0.257010744792599,-0.193137340770257,1.67604411131651,2.1875714551609,1.87013923004148,1.39602165773836,1.43078863167003,-0.361866974465067,-0.50267763648309,0.680159960289732,0.228536400463542,0.204336141070315,"1","3","6","1","4"
"Switzerland",2015,"Europe",FALSE,82.89756098,8282396,4.719648777,11.00794983,7520.166025,31.68106715,66020.20434,87.4790556,0.643890851,0,100,20.8,3.17,-0.265562894313629,-0.0610033211141679,1.75682364839904,0.821267244209462,0.0704183256206578,2.25946349206734,1.31671915609115,-0.480446881900231,-0.50267763648309,0.694847398890799,0.138222306133408,0.508839793917585,"1","3","1","1","4"
"Tajikistan",2015,"Asia",FALSE,70.137,8454019,0.579605995,6.9073596,1499.485994,3.039123856,3150.427114,18.98,1.281982414,0.468532246,76.23949551,12,0.36,-0.264595228679462,-0.820426187818893,0.13121392021169,-0.558951724573301,-1.32225192165727,-0.949389627995155,-1.17874535672448,-0.301405630467196,-0.468473131607419,-0.900355754587805,-0.85523273149806,-1.04689705062938,"1","1","1","1","1"
"Tanzania",2015,"Africa",TRUE,63.111,51482638,0.227066833,3.64969921,103.681778,54.28990743,2348.443604,10,1.091369867,10.99263118,52.96379459,6.8,0.72,-0.0219860452253099,-0.885093708211613,-1.16023051195109,-0.878934757338816,1.16973825863689,-0.99032260727153,-1.50589251413849,-0.354889348059805,0.299823173232285,-2.46301076987317,-1.44227434464393,-0.84758556876571,"1","2","2","1","2"
"Thailand",2015,"Asia",FALSE,76.091,68714519,3.841982798,3.66788888,2538.795713,39.26676975,15822.37099,39.31612674,1.426581859,0,99.25917058,10.1,2.16,0.0751728382329095,-0.221996733230407,-1.15301952454538,-0.320693756832434,0.439261396332688,-0.302617706128961,-0.437887221334491,-0.260832667133214,-0.50267763648309,0.645110516095609,-1.06972870553213,-0.0503396413110384,"1","1","1","1","1"
"Togo",2015,"Africa",TRUE,59.927,7323162,0.249892061,4.9564662,154.6652373,22.50542379,1397.332402,7.12,1.674422895,48.52053907,63.63712635,6.8,0.7,-0.270971363906424,-0.880906794937115,-0.642184813096149,-0.86724698498458,-0.375733158443699,-1.03886701577314,-1.61081276061425,-0.191291284963427,3.0394926823342,-1.7464379172706,-1.44227434464393,-0.858658428869247,"1","5","2","1","6"
"Trinidad and Tobago",2015,"North America",FALSE,72.941,1370332,15.56557092,6.07862949,7092.958644,44.89083821,27651.72817,65.1,0.83320624,0.038230679,98.13617765,18.9,2.83,-0.304535332704525,1.92850300034329,-0.197322132720811,0.723331508075969,0.712723037272984,0.301148862963935,0.50143581253323,-0.427327132122107,-0.499886662206678,0.569716415603167,-0.076273667900659,0.320601172157454,"1","6","1","1","1"
"Tunisia",2015,"Africa",FALSE,75.922,11179951,2.726308867,6.62154102,1454.643076,4.473995881,10825.1015,46.49999434,2.26986516,1.295096029,94.8454551,26.4,1.05,-0.249225547940428,-0.426648795926833,0.0179059723105665,-0.569231800199391,-1.25248348599782,-0.5576767265727,-0.176174318820169,-0.0242169425594968,-0.408131062972774,0.348787984088068,0.770420966444342,-0.664883377057348,"1","1","1","1","1"
"Turkiye",2015,"Asia",FALSE,76.532,78529413,4.477175913,4.11690378,2847.223893,28.10480361,25753.39051,53.74497914,1.812848293,0.254225258,96.25615912,31.4,0.74,0.130512365142408,-0.10548098648458,-0.975015152345267,-0.249987719914468,-0.103471964484978,0.204258322039544,0.0877651224746774,-0.152450689153769,-0.484118296862355,0.443498073357261,1.33488405600768,-0.836512708662173,"1","1","1","1","1"
"Ukraine",2015,"Europe",FALSE,71.1895122,45154036,4.231515591,7.77609348,3418.569317,16.67040688,10164.32715,48.88464368,3.251180763,0.001189962,93.65690669,25.6,2.51,-0.0576687373337021,-0.150543338685375,0.475608792004072,-0.119008862398094,-0.659451841897096,-0.591402435939106,-0.0893000144760487,0.251129079547182,-0.502590765064146,0.268992701437739,0.680106872114209,0.143435410500861,"1","1","1","1","3"
"United Kingdom",2015,"Europe",FALSE,80.95609756,65116219,6.159448333,9.90072441,5130.390253,13.04096226,42912.87509,92.00029987,2.045503192,0,100.0000015,28.9,3.41,0.0548844663280831,0.203104265177367,1.31788283424987,0.273419852441654,-0.835927979864864,1.08007287177563,1.48143098358613,-0.0871703646919543,-0.50267763648309,0.694847499595931,1.05265251122601,0.64171411516003,"1","3","1","1","3"
"United States",2015,"North America",FALSE,78.6902439,320738994,15.56003496,16.52407265,12993.96558,33.89972254,56762.72945,74.55420245,3.477845166,0,99.44715776,36.7,4.13,1.49616782973406,1.92748751938463,3.94359736025765,2.07611585569942,0.178297016633326,1.78696496423111,0.845858469229676,0.314728538812312,-0.50267763648309,0.657731365222603,1.93321493094481,1.04033707888737,"8","3","6","6","4"
"Uruguay",2015,"South America",FALSE,77.369,3412013,1.946065231,8.29223633,3085.189883,10.97017484,20217.56044,64.5707871,1.820588136,0.581573599,99.13139756,28.4,1.97,-0.293023679023893,-0.569771678945204,0.680224906034647,-0.195434883418918,-0.936616819259206,-0.0782886564299312,0.482156247288038,-0.150278977040698,-0.460220714526523,0.63653225023769,0.996206202269675,-0.155531812294641,"1","1","1","1","3"
"Venezuela",2015,"South America",FALSE,72.762,30042973,5.966120779,5.77645016,3299.011056,53.1119551,17743.684,57,1.16181681,4.160449907,94.74836987,24.7,4.88,-0.142869767270411,0.167641499934934,-0.317116023588355,-0.146417158281154,1.11246214626338,-0.204554510762563,0.206347619320146,-0.335122735294935,-0.19895013353345,0.342269996849314,0.578503515992808,1.45556933277001,"1","6","1","1","7"
"Yemen",2015,"Asia",TRUE,66.066,25823488,1.062211282,4.84180498,250.963212,1.039831809,3697.704,22.55,3.966891088,16.54173314,54.75738079,13.5,0.03,-0.166660579856031,-0.731900172548262,-0.687640316870744,-0.84517102501794,-1.41946440898383,-0.921456792526908,-1.0486879678639,0.451949274769767,0.704927169097738,-2.34259521373546,-0.685893804629059,-1.22959924233774,"1","2","2","1","6"
"Zimbabwe",2015,"Africa",FALSE,59.534,13814642,0.899769991,7.45206605,609.124652,45.6893628,2679.507615,22.7428181,1.88687572,25.46327234,64.95492911,11.9,1.93,-0.234370313284535,-0.761697360011828,0.347153590956698,-0.763063819381828,0.751550061919938,-0.973425207097533,-1.041663480858,-0.13167943321029,1.35623096658469,-1.65796491707401,-0.866521993289326,-0.177677532501715,"1","2","2","1","2"
